{"cameraMode":{"drawMode":0,"name":"Shaded","section":"Shading Mode"},"sceneLighting":false,"audioPlay":false,"sceneViewState":{"showFog":false,"showMaterialUpdate":false,"showSkybox":false,"showFlares":false,"showImageEffects":false,"showParticleSystems":true},"in2DMode":false,"pivot":{"x":-0.28134289383888247,"y":0.2244875580072403,"z":1.5981359481811524},"rotation":{"x":-0.0059918747283518318,"y":-0.053973183035850528,"z":-0.0003238009521737695,"w":0.9985243678092957},"size":3.8657472133636476,"orthographic":false}