{"cameraMode":{"drawMode":0,"name":"Shaded","section":"Shading Mode"},"sceneLighting":false,"audioPlay":false,"sceneViewState":{"showFog":false,"showMaterialUpdate":false,"showSkybox":false,"showFlares":false,"showImageEffects":false,"showParticleSystems":true},"in2DMode":false,"pivot":{"x":0.14042851328849793,"y":0.9260016083717346,"z":1.41658616065979},"rotation":{"x":-0.10178189724683762,"y":-0.02834945358335972,"z":-0.0029017021879553797,"w":0.9943985342979431},"size":3.4157698154449465,"orthographic":false}