{"cameraMode":{"drawMode":0,"name":"Shaded","section":"Shading Mode"},"sceneLighting":false,"audioPlay":false,"sceneViewState":{"showFog":false,"showMaterialUpdate":false,"showSkybox":false,"showFlares":false,"showImageEffects":false,"showParticleSystems":true},"in2DMode":false,"pivot":{"x":0.13810384273529054,"y":0.29930365085601809,"z":0.63385409116745},"rotation":{"x":0.014998902566730976,"y":0.010496916249394417,"z":-0.00015733235341031104,"w":0.9998324513435364},"size":1.6045697927474976,"orthographic":false}