{"cameraMode":{"drawMode":0,"name":"Shaded","section":"Shading Mode"},"sceneLighting":true,"audioPlay":false,"sceneViewState":{"showFog":false,"showMaterialUpdate":false,"showSkybox":false,"showFlares":false,"showImageEffects":false,"showParticleSystems":true},"in2DMode":false,"pivot":{"x":0.7180904746055603,"y":2.348806142807007,"z":-2.2244722843170168},"rotation":{"x":0.18927359580993653,"y":0.02944936230778694,"z":-0.005680639762431383,"w":0.9814662337303162},"size":4.077567100524902,"orthographic":false}